{
  "modules": [
    {
      "id": "1",
      "module": "1 - Modul"
    },
    {
      "id": "2",
      "module": "2 - Modul"
    },
    {
      "id": "3",
      "module": "3 - Modul"
    }
  ],
  "csharpModule1": [
    {
      "id": "1",
      "lessonName": "1.1 | C# Kirish",
      "lessonpage": "visual_Studio_2021_va_Console_Log",
      "isActive": false
    },
    {
      "id": "2",
      "lessonName": "1.2 | Visual Studio 2021 Va Console.Log",
      "lessonpage": "visual_Studio_2021_va_Console_Log",
      "isActive": false
    },
    {
      "id": "3",
      "lessonName": "1.3 | O'zgaruvchilar",
      "lessonpage": "ozgaruvchilar",
      "isActive": false
    },
    {
      "id": "4",
      "lessonName": "1.4 | DataType",
      "lessonpage": "dataType",
      "isActive": false
    },
    {
      "id": "5",
      "lessonName": "1.5 | Stringlar Bilan Ishlash",
      "lessonpage": "stringlar_bilash_ishlash",
      "isActive": false
    },
    {
      "id": "6",
      "lessonName": "1.6 | Number(sonlar) Bilan Ishlash",
      "lessonpage": "number(sonlar)_bilan_ishlash",
      "isActive": false
    },
    {
      "id": "7",
      "lessonName": "1.7 | Calculator Yasash",
      "lessonpage": "calculator_tuzish",
      "isActive": false
    },
    {
      "id": "8",
      "lessonName": "1.8 | Mad Lib O'yini",
      "lessonpage": "madlib_o'yini",
      "isActive": false
    },
    {
      "id": "9",
      "lessonName": "1.9 | Arraylar",
      "lessonpage": "arraylar",
      "isActive": false
    },
    {
      "id": "10",
      "lessonName": "1.10 | Method",
      "lessonpage": "metod",
      "isActive": false
    }
  ]
}